[{"pos_x": 34.799999, "pos_y": -15.4875, "rotation": -90.0, "side": "top", "designator": "C19", "mpn": null, "pack": "C_0603_1608Metric_Pad1.08x0.95mm_HandSolder", "value": "100nF", "mount_type": "smt", "place": true}, {"pos_x": 53.6, "pos_y": -9.8, "rotation": 0.0, "side": "top", "designator": "C2", "mpn": null, "pack": "C_0603_1608Metric_Pad1.08x0.95mm_HandSolder", "value": "1uF", "mount_type": "smt", "place": true}, {"pos_x": 80.2, "pos_y": -5.6, "rotation": 0.0, "side": "top", "designator": "TP8", "mpn": null, "pack": "TestPoint_Pad_D1.5mm", "value": "TestPoint", "mount_type": "tht", "place": false}, {"pos_x": 19.291333, "pos_y": -17.033365, "rotation": -45.0, "side": "top", "designator": "C20", "mpn": null, "pack": "C_0402_1005Metric", "value": "12pF", "mount_type": "smt", "place": true}, {"pos_x": 62.2, "pos_y": -2.2, "rotation": 90.0, "side": "top", "designator": "U2", "mpn": null, "pack": "SOT-223-3_TabPin2", "value": "AZ1117-1.8", "mount_type": "smt", "place": true}, {"pos_x": 80.0, "pos_y": -0.0, "rotation": 0.0, "side": "top", "designator": "REF**", "mpn": null, "pack": "MountingHole_2.7mm_M2.5_Pad_Via", "value": "MountingHole_2.7mm_M2.5_Pad_Via", "mount_type": "tht", "place": false}, {"pos_x": 53.8, "pos_y": -11.6, "rotation": 0.0, "side": "top", "designator": "C1", "mpn": null, "pack": "C_0805_2012Metric_Pad1.18x1.45mm_HandSolder", "value": "10uF", "mount_type": "smt", "place": true}, {"pos_x": 77.6, "pos_y": -15.2, "rotation": 0.0, "side": "top", "designator": "TP6", "mpn": null, "pack": "TestPoint_Pad_D1.5mm", "value": "TestPoint", "mount_type": "tht", "place": false}, {"pos_x": 21.3, "pos_y": -19.95, "rotation": 135.0, "side": "top", "designator": "C37", "mpn": null, "pack": "C_0402_1005Metric", "value": "100nF", "mount_type": "smt", "place": true}, {"pos_x": 13.2, "pos_y": -36.3, "rotation": -45.0, "side": "top", "designator": "TP3", "mpn": null, "pack": "TestPoint_Pad_D1.5mm", "value": "TestPoint", "mount_type": "tht", "place": false}, {"pos_x": 53.6, "pos_y": -14.8, "rotation": 90.0, "side": "top", "designator": "R2", "mpn": null, "pack": "R_0603_1608Metric_Pad0.98x0.95mm_HandSolder", "value": "0R", "mount_type": "smt", "place": true}, {"pos_x": 37.2, "pos_y": -20.225, "rotation": -90.0, "side": "top", "designator": "R0", "mpn": null, "pack": "R_0603_1608Metric_Pad0.98x0.95mm_HandSolder", "value": "100k", "mount_type": "smt", "place": true}, {"pos_x": 50.0, "pos_y": -14.8, "rotation": 90.0, "side": "top", "designator": "R3", "mpn": null, "pack": "R_0603_1608Metric_Pad0.98x0.95mm_HandSolder", "value": "0R", "mount_type": "smt", "place": true}, {"pos_x": 80.0, "pos_y": -50.0, "rotation": 0.0, "side": "top", "designator": "REF**", "mpn": null, "pack": "MountingHole_2.7mm_M2.5_Pad_Via", "value": "MountingHole_2.7mm_M2.5_Pad_Via", "mount_type": "tht", "place": false}, {"pos_x": 44.3, "pos_y": -1.34, "rotation": -90.0, "side": "top", "designator": "J7", "mpn": null, "pack": "PinHeader_1x16_P2.54mm_Vertical", "value": "EXP1", "mount_type": "tht", "place": false}, {"pos_x": 6.2, "pos_y": 1.2, "rotation": 90.0, "side": "top", "designator": "J6", "mpn": null, "pack": "PinHeader_1x16_P2.54mm_Vertical", "value": "EXP2", "mount_type": "tht", "place": false}, {"pos_x": 74.4, "pos_y": -11.6, "rotation": 180.0, "side": "top", "designator": "C16", "mpn": null, "pack": "C_0805_2012Metric_Pad1.18x1.45mm_HandSolder", "value": "10uF", "mount_type": "smt", "place": true}, {"pos_x": 56.5, "pos_y": -18.9875, "rotation": 0.0, "side": "top", "designator": "R18", "mpn": null, "pack": "R_0603_1608Metric_Pad0.98x0.95mm_HandSolder", "value": "47k", "mount_type": "smt", "place": true}, {"pos_x": 22.194635, "pos_y": -13.95235, "rotation": -45.0, "side": "top", "designator": "C21", "mpn": null, "pack": "C_0402_1005Metric", "value": "12pF", "mount_type": "smt", "place": true}, {"pos_x": 31.0, "pos_y": -28.45, "rotation": -45.0, "side": "top", "designator": "C38", "mpn": null, "pack": "C_0402_1005Metric", "value": "100nF", "mount_type": "smt", "place": true}, {"pos_x": 15.038478, "pos_y": -38.138478, "rotation": -45.0, "side": "top", "designator": "TP5", "mpn": null, "pack": "TestPoint_Pad_D1.5mm", "value": "TestPoint", "mount_type": "tht", "place": false}, {"pos_x": 64.45, "pos_y": -18.9875, "rotation": 0.0, "side": "top", "designator": "R17", "mpn": null, "pack": "R_0603_1608Metric_Pad0.98x0.95mm_HandSolder", "value": "47k", "mount_type": "smt", "place": true}, {"pos_x": 74.2, "pos_y": -8.0, "rotation": 180.0, "side": "top", "designator": "C18", "mpn": null, "pack": "C_0603_1608Metric_Pad1.08x0.95mm_HandSolder", "value": "100nF", "mount_type": "smt", "place": true}, {"pos_x": 35.3, "pos_y": -37.0, "rotation": -90.0, "side": "top", "designator": "R13", "mpn": null, "pack": "R_0603_1608Metric_Pad0.98x0.95mm_HandSolder", "value": "100k", "mount_type": "smt", "place": true}, {"pos_x": 70.6, "pos_y": -14.8, "rotation": 90.0, "side": "top", "designator": "R8", "mpn": null, "pack": "R_0603_1608Metric_Pad0.98x0.95mm_HandSolder", "value": "0R", "mount_type": "smt", "place": true}, {"pos_x": 24.3, "pos_y": -17.4, "rotation": 45.0, "side": "top", "designator": "C25", "mpn": null, "pack": "C_0402_1005Metric", "value": "100nF", "mount_type": "smt", "place": true}, {"pos_x": 22.7, "pos_y": -18.55, "rotation": 135.0, "side": "top", "designator": "C30", "mpn": null, "pack": "C_0402_1005Metric", "value": "100nF", "mount_type": "smt", "place": true}, {"pos_x": 71.575, "pos_y": -18.9875, "rotation": 0.0, "side": "top", "designator": "R15", "mpn": null, "pack": "R_0603_1608Metric_Pad0.98x0.95mm_HandSolder", "value": "47k", "mount_type": "smt", "place": true}, {"pos_x": 10.4, "pos_y": -48.8, "rotation": 0.0, "side": "top", "designator": "J1", "mpn": null, "pack": "USB_C_Receptacle_HRO_TYPE-C-31-M-12", "value": "USB Type-C", "mount_type": "smt", "place": true}, {"pos_x": 70.6, "pos_y": -8.0, "rotation": 0.0, "side": "top", "designator": "C15", "mpn": null, "pack": "C_0603_1608Metric_Pad1.08x0.95mm_HandSolder", "value": "100nF", "mount_type": "smt", "place": true}, {"pos_x": 50.0, "pos_y": -9.8, "rotation": 180.0, "side": "top", "designator": "C5", "mpn": null, "pack": "C_0603_1608Metric_Pad1.08x0.95mm_HandSolder", "value": "1uF", "mount_type": "smt", "place": true}, {"pos_x": 56.8, "pos_y": -14.8, "rotation": 0.0, "side": "top", "designator": "TP1", "mpn": null, "pack": "TestPoint_Pad_D1.5mm", "value": "TestPoint", "mount_type": "tht", "place": false}, {"pos_x": 10.875, "pos_y": -41.35, "rotation": 90.0, "side": "top", "designator": "D1", "mpn": null, "pack": "SOT-323_SC-70", "value": "D_TVS_Dual_AAC", "mount_type": "smt", "place": true}, {"pos_x": 60.4, "pos_y": -8.0, "rotation": 180.0, "side": "top", "designator": "C12", "mpn": null, "pack": "C_0603_1608Metric_Pad1.08x0.95mm_HandSolder", "value": "100nF", "mount_type": "smt", "place": true}, {"pos_x": 52.95, "pos_y": -18.9875, "rotation": 180.0, "side": "top", "designator": "R19", "mpn": null, "pack": "R_0603_1608Metric_Pad0.98x0.95mm_HandSolder", "value": "47k", "mount_type": "smt", "place": true}, {"pos_x": 23.35, "pos_y": -32.1, "rotation": -135.0, "side": "top", "designator": "C43", "mpn": null, "pack": "C_0402_1005Metric", "value": "100nF", "mount_type": "smt", "place": true}, {"pos_x": 19.45, "pos_y": -28.95, "rotation": -135.0, "side": "top", "designator": "C44", "mpn": null, "pack": "C_0402_1005Metric", "value": "100nF", "mount_type": "smt", "place": true}, {"pos_x": 25.7, "pos_y": -24.7, "rotation": -45.0, "side": "top", "designator": "IC1", "mpn": null, "pack": "QFN35P900X900X90-89N-D", "value": "T31ZX", "mount_type": "smt", "place": true}, {"pos_x": 68.0, "pos_y": -18.9875, "rotation": 180.0, "side": "top", "designator": "R16", "mpn": null, "pack": "R_0603_1608Metric_Pad0.98x0.95mm_HandSolder", "value": "47k", "mount_type": "smt", "place": true}, {"pos_x": 33.6, "pos_y": -37.0, "rotation": 90.0, "side": "top", "designator": "R12", "mpn": null, "pack": "R_0603_1608Metric_Pad0.98x0.95mm_HandSolder", "value": "100k", "mount_type": "smt", "place": true}, {"pos_x": 72.4, "pos_y": -2.2, "rotation": 90.0, "side": "top", "designator": "U3", "mpn": null, "pack": "SOT-223-3_TabPin2", "value": "MCP1826S", "mount_type": "smt", "place": true}, {"pos_x": 36.4, "pos_y": -15.4875, "rotation": -90.0, "side": "top", "designator": "R11", "mpn": null, "pack": "R_0603_1608Metric_Pad0.98x0.95mm_HandSolder", "value": "100k", "mount_type": "smt", "place": true}, {"pos_x": 0.0, "pos_y": -50.0, "rotation": 0.0, "side": "top", "designator": "REF**", "mpn": null, "pack": "MountingHole_2.7mm_M2.5_Pad_Via", "value": "MountingHole_2.7mm_M2.5_Pad_Via", "mount_type": "tht", "place": false}, {"pos_x": 70.4, "pos_y": -11.6, "rotation": 0.0, "side": "top", "designator": "C13", "mpn": null, "pack": "C_0805_2012Metric_Pad1.18x1.45mm_HandSolder", "value": "10uF", "mount_type": "smt", "place": true}, {"pos_x": 22.3, "pos_y": -30.35, "rotation": -135.0, "side": "top", "designator": "C39", "mpn": null, "pack": "C_0402_1005Metric", "value": "100nF", "mount_type": "smt", "place": true}, {"pos_x": 45.4, "pos_y": -10.2, "rotation": 0.0, "side": "top", "designator": "TP2", "mpn": null, "pack": "TestPoint_Pad_D1.5mm", "value": "TestPoint", "mount_type": "tht", "place": false}, {"pos_x": 51.8, "pos_y": -2.2, "rotation": 90.0, "side": "top", "designator": "U1", "mpn": null, "pack": "SOT-223-3_TabPin2", "value": "AZ1117-3.3", "mount_type": "smt", "place": true}, {"pos_x": 63.9, "pos_y": -8.0, "rotation": 0.0, "side": "top", "designator": "C9", "mpn": null, "pack": "C_0603_1608Metric_Pad1.08x0.95mm_HandSolder", "value": "100nF", "mount_type": "smt", "place": true}, {"pos_x": 39.2, "pos_y": -36.0, "rotation": 90.0, "side": "top", "designator": "U4", "mpn": null, "pack": "SOIC-8_5.23x5.23mm_P1.27mm", "value": "W25Q32JVSS", "mount_type": "smt", "place": true}, {"pos_x": 81.2, "pos_y": -35.8, "rotation": 0.0, "side": "top", "designator": "J5", "mpn": null, "pack": "PinHeader_1x03_P2.54mm_Vertical", "value": "UART", "mount_type": "tht", "place": false}, {"pos_x": 35.6, "pos_y": -20.224999, "rotation": -90.0, "side": "top", "designator": "R1", "mpn": null, "pack": "R_0603_1608Metric_Pad0.98x0.95mm_HandSolder", "value": "100k", "mount_type": "smt", "place": true}, {"pos_x": 6.2, "pos_y": -6.48, "rotation": 90.0, "side": "top", "designator": "J4", "mpn": null, "pack": "PinHeader_1x10_P2.54mm_Vertical", "value": "EXP0", "mount_type": "tht", "place": false}, {"pos_x": 22.0, "pos_y": -19.25, "rotation": 135.0, "side": "top", "designator": "C34", "mpn": null, "pack": "C_0402_1005Metric", "value": "100nF", "mount_type": "smt", "place": true}, {"pos_x": 35.2, "pos_y": -32.95, "rotation": 180.0, "side": "top", "designator": "C23", "mpn": null, "pack": "C_0402_1005Metric", "value": "100nF", "mount_type": "smt", "place": true}, {"pos_x": 61.0, "pos_y": -37.1875, "rotation": 0.0, "side": "top", "designator": "J2", "mpn": null, "pack": "SD_Hirose_DM1AA_SF_PEJ82", "value": "SD_Card", "mount_type": "smt", "place": true}, {"pos_x": 60.4, "pos_y": -9.8, "rotation": 180.0, "side": "top", "designator": "C11", "mpn": null, "pack": "C_0603_1608Metric_Pad1.08x0.95mm_HandSolder", "value": "1uF", "mount_type": "smt", "place": true}, {"pos_x": 74.2, "pos_y": -14.8, "rotation": 90.0, "side": "top", "designator": "R9", "mpn": null, "pack": "R_0603_1608Metric_Pad0.98x0.95mm_HandSolder", "value": "0R", "mount_type": "smt", "place": true}, {"pos_x": 32.3, "pos_y": -21.4, "rotation": 45.0, "side": "top", "designator": "C46", "mpn": null, "pack": "C_0402_1005Metric", "value": "100nF", "mount_type": "smt", "place": true}, {"pos_x": 28.8, "pos_y": -18.4, "rotation": 45.0, "side": "top", "designator": "C45", "mpn": null, "pack": "C_0402_1005Metric", "value": "100nF", "mount_type": "smt", "place": true}, {"pos_x": 0.0, "pos_y": -0.0, "rotation": 0.0, "side": "top", "designator": "REF**", "mpn": null, "pack": "MountingHole_2.7mm_M2.5_Pad_Via", "value": "MountingHole_2.7mm_M2.5_Pad_Via", "mount_type": "tht", "place": false}, {"pos_x": 63.9375, "pos_y": -9.8, "rotation": 0.0, "side": "top", "designator": "C8", "mpn": null, "pack": "C_0603_1608Metric_Pad1.08x0.95mm_HandSolder", "value": "1uF", "mount_type": "smt", "place": true}, {"pos_x": 25.5, "pos_y": -34.55, "rotation": -45.0, "side": "top", "designator": "C22", "mpn": null, "pack": "C_0603_1608Metric_Pad1.08x0.95mm_HandSolder", "value": "4.7uF", "mount_type": "smt", "place": true}, {"pos_x": 50.0, "pos_y": -8.0, "rotation": 180.0, "side": "top", "designator": "C6", "mpn": null, "pack": "C_0603_1608Metric_Pad1.08x0.95mm_HandSolder", "value": "100nF", "mount_type": "smt", "place": true}, {"pos_x": 74.2, "pos_y": -9.8, "rotation": 180.0, "side": "top", "designator": "C17", "mpn": null, "pack": "C_0603_1608Metric_Pad1.08x0.95mm_HandSolder", "value": "1uF", "mount_type": "smt", "place": true}, {"pos_x": 34.6, "pos_y": -50.8, "rotation": 90.0, "side": "top", "designator": "U5", "mpn": null, "pack": "DIP-8_W7.62mm_Socket_LongPads", "value": "W25Q32JVSS", "mount_type": "tht", "place": false}, {"pos_x": 30.25, "pos_y": -29.15, "rotation": -45.0, "side": "top", "designator": "C42", "mpn": null, "pack": "C_0402_1005Metric", "value": "100nF", "mount_type": "smt", "place": true}, {"pos_x": 60.4, "pos_y": -14.8, "rotation": 90.0, "side": "top", "designator": "R7", "mpn": null, "pack": "R_0603_1608Metric_Pad0.98x0.95mm_HandSolder", "value": "0R", "mount_type": "smt", "place": true}, {"pos_x": 30.55, "pos_y": -20.35, "rotation": 45.0, "side": "top", "designator": "C41", "mpn": null, "pack": "C_0402_1005Metric", "value": "100nF", "mount_type": "smt", "place": true}, {"pos_x": 31.25, "pos_y": -21.05, "rotation": 45.0, "side": "top", "designator": "C26", "mpn": null, "pack": "C_0402_1005Metric", "value": "100nF", "mount_type": "smt", "place": true}, {"pos_x": 21.0, "pos_y": -29.15, "rotation": -135.0, "side": "top", "designator": "C32", "mpn": null, "pack": "C_0402_1005Metric", "value": "100nF", "mount_type": "smt", "place": true}, {"pos_x": 6.9, "pos_y": -32.6, "rotation": -90.0, "side": "top", "designator": "C40", "mpn": null, "pack": "C_0402_1005Metric", "value": "100nF", "mount_type": "smt", "place": true}, {"pos_x": 25.35, "pos_y": -32.5, "rotation": -45.0, "side": "top", "designator": "C31", "mpn": null, "pack": "C_0402_1005Metric", "value": "100nF", "mount_type": "smt", "place": true}, {"pos_x": 0.85, "pos_y": -25.0, "rotation": -90.0, "side": "top", "designator": "J3", "mpn": null, "pack": "SFW15R2STE1LF", "value": "SFW15R-2STE1LF", "mount_type": "smt", "place": true}, {"pos_x": 37.999999, "pos_y": -15.4875, "rotation": -90.0, "side": "top", "designator": "R10", "mpn": null, "pack": "R_0603_1608Metric_Pad0.98x0.95mm_HandSolder", "value": "100k", "mount_type": "smt", "place": true}, {"pos_x": 43.175, "pos_y": -37.1, "rotation": 90.0, "side": "top", "designator": "R14", "mpn": null, "pack": "R_0603_1608Metric_Pad0.98x0.95mm_HandSolder", "value": "100k", "mount_type": "smt", "place": true}, {"pos_x": 64.2, "pos_y": -11.6, "rotation": 0.0, "side": "top", "designator": "C7", "mpn": null, "pack": "C_0805_2012Metric_Pad1.18x1.45mm_HandSolder", "value": "10uF", "mount_type": "smt", "place": true}, {"pos_x": 13.1, "pos_y": -41.4, "rotation": -90.0, "side": "top", "designator": "R5", "mpn": null, "pack": "R_0603_1608Metric_Pad0.98x0.95mm_HandSolder", "value": "5k1", "mount_type": "smt", "place": true}, {"pos_x": 22.65, "pos_y": -31.4, "rotation": -135.0, "side": "top", "designator": "C28", "mpn": null, "pack": "C_0402_1005Metric", "value": "100nF", "mount_type": "smt", "place": true}, {"pos_x": 20.75858, "pos_y": -15.566117, "rotation": 45.0, "side": "top", "designator": "Y1", "mpn": null, "pack": "Crystal_SMD_2016-4Pin_2.0x1.6mm", "value": "24 MHz", "mount_type": "smt", "place": true}, {"pos_x": 25.4, "pos_y": -38.85, "rotation": 0.0, "side": "top", "designator": "J8", "mpn": null, "pack": "BarrelJack_Wuerth_6941xx301002", "value": "DC_IN", "mount_type": "tht", "place": true}, {"pos_x": 28.2, "pos_y": -17.6, "rotation": 45.0, "side": "top", "designator": "C36", "mpn": null, "pack": "C_0402_1005Metric", "value": "100nF", "mount_type": "smt", "place": true}, {"pos_x": 63.8, "pos_y": -14.8, "rotation": 90.0, "side": "top", "designator": "R6", "mpn": null, "pack": "R_0603_1608Metric_Pad0.98x0.95mm_HandSolder", "value": "0R", "mount_type": "smt", "place": true}, {"pos_x": 70.6, "pos_y": -9.8, "rotation": 0.0, "side": "top", "designator": "C14", "mpn": null, "pack": "C_0603_1608Metric_Pad1.08x0.95mm_HandSolder", "value": "1uF", "mount_type": "smt", "place": true}, {"pos_x": 22.091476, "pos_y": -16.920228, "rotation": 45.0, "side": "top", "designator": "R21", "mpn": null, "pack": "R_0402_1005Metric", "value": "1M", "mount_type": "smt", "place": true}, {"pos_x": 53.6, "pos_y": -8.0, "rotation": 0.0, "side": "top", "designator": "C3", "mpn": null, "pack": "C_0603_1608Metric_Pad1.08x0.95mm_HandSolder", "value": "100nF", "mount_type": "smt", "place": true}, {"pos_x": 49.35, "pos_y": -18.9875, "rotation": 0.0, "side": "top", "designator": "R20", "mpn": null, "pack": "R_0603_1608Metric_Pad0.98x0.95mm_HandSolder", "value": "47k", "mount_type": "smt", "place": true}, {"pos_x": 57.0, "pos_y": -2.8, "rotation": 0.0, "side": "top", "designator": "TP4", "mpn": null, "pack": "TestPoint_Pad_D1.5mm", "value": "TestPoint", "mount_type": "tht", "place": false}, {"pos_x": 8.62, "pos_y": -41.375, "rotation": -90.0, "side": "top", "designator": "R4", "mpn": null, "pack": "R_0603_1608Metric_Pad0.98x0.95mm_HandSolder", "value": "5k1", "mount_type": "smt", "place": true}, {"pos_x": 29.85, "pos_y": -19.65, "rotation": 45.0, "side": "top", "designator": "C35", "mpn": null, "pack": "C_0402_1005Metric", "value": "100nF", "mount_type": "smt", "place": true}, {"pos_x": 60.2, "pos_y": -11.6, "rotation": 180.0, "side": "top", "designator": "C10", "mpn": null, "pack": "C_0805_2012Metric_Pad1.18x1.45mm_HandSolder", "value": "10uF", "mount_type": "smt", "place": true}, {"pos_x": 60.625, "pos_y": -18.9875, "rotation": 0.0, "side": "top", "designator": "C24", "mpn": null, "pack": "C_0402_1005Metric", "value": "100nF", "mount_type": "smt", "place": true}, {"pos_x": 49.8, "pos_y": -11.6, "rotation": 180.0, "side": "top", "designator": "C4", "mpn": null, "pack": "C_0805_2012Metric_Pad1.18x1.45mm_HandSolder", "value": "10uF", "mount_type": "smt", "place": true}, {"pos_x": 61.0, "pos_y": -27.2, "rotation": 180.0, "side": "bottom", "designator": "G***", "mpn": null, "pack": "LOGO", "value": "LOGO", "mount_type": "tht", "place": false}, {"pos_x": 0.2, "pos_y": -32.0, "rotation": 180.0, "side": "bottom", "designator": "TP7", "mpn": null, "pack": "TestPoint_Pad_D1.5mm", "value": "TestPoint", "mount_type": "tht", "place": false}, {"pos_x": 0.2, "pos_y": -29.4, "rotation": 180.0, "side": "bottom", "designator": "TP9", "mpn": null, "pack": "TestPoint_Pad_D1.5mm", "value": "TestPoint", "mount_type": "tht", "place": false}]